Collection,Stored units,Sections,Coverage,Internal numbering gaps,Review
Agni Purana,381,0,381 chapter documents numbered within 1–382; chapter 221 is absent in this import.,"{""0"": [221]}","Coverage follows this electronic source, not every recension. Original IAST and source stanza references are preserved. English meanings are not yet reviewed. Consult the source header for contributors, edition and textual variants."
Bhagavad Gita,700,0,700 verses · all 18 chapters,"{""0"": []}",Sanskrit imported from the linked transcription. English meanings are available only for selected passages and are labelled explanatory paraphrases.
Bhagavatam,335,"1, 2, 3, 4, 5, 6, 7, 8, 9, 10, 11, 12",335 chapters · all 12 cantos · original Sanskrit,"{""1"": [], ""2"": [], ""3"": [], ""4"": [], ""5"": [], ""6"": [], ""7"": [], ""8"": [], ""9"": [], ""10"": [], ""11"": [], ""12"": []}","321 chapters from Wikisource and 14 from Sanskrit Documents. Retrieval gaps and chapter endings were checked. Textual variants, spelling and printed-edition alignment still require specialist review. This is Sanskrit coverage; complete English translations and commentary are not included."
Bhavishya Purana,45,1,45 selected chapter documents from Brahma-parva; other parvas are not included.,"{""1"": [32, 34, 38, 42, 43, 44, 46, 49, 53]}","All successfully retrieved nonempty chapter pages are included. Missing pages and transcription errors may remain. Source links retain page identity and access to contributor history. No reviewed English translation is included. Coverage is incomplete where stated; failed, missing or empty source pages were excluded, not generated."
Brahma Purana,246,0,246 chapter documents · All chapter documents present in this GRETIL transcription; edition-specific coverage.,"{""0"": []}","Coverage follows this electronic source, not every recension. Original IAST and source stanza references are preserved. English meanings are not yet reviewed. Consult the source header for contributors, edition and textual variants."
Brahmanda Purana,156,"1, 2, 3",156 chapter documents · All chapter documents present in this GRETIL transcription; edition-specific coverage.,"{""1"": [], ""2"": [], ""3"": []}","Coverage follows this electronic source, not every recension. Original IAST and source stanza references are preserved. English meanings are not yet reviewed. Consult the source header for contributors, edition and textual variants."
Brahmavaivarta Purana,275,"1, 2, 3, 4","275 chapter documents across four khandas; missing chapter numbers by khanda: {""1"": [], ""2"": [], ""3"": [], ""4"": [7]}. Not a certified critical edition.","{""1"": [], ""2"": [], ""3"": [], ""4"": [7]}","Community source transcription, not independently collated. All four khanda inventories were checked; missing and blank chapter pages remain explicitly listed. No reviewed English translation is included."
Garuda Purana,317,"1, 2, 3",317 chapter documents · All chapter documents present in this GRETIL transcription; edition-specific coverage.,"{""1"": [62], ""2"": [], ""3"": []}","Coverage follows this electronic source, not every recension. Original IAST and source stanza references are preserved. English meanings are not yet reviewed. Consult the source header for contributors, edition and textual variants."
Kurma Purana,95,"1, 2",95 chapter documents · All chapter documents present in this GRETIL transcription; edition-specific coverage.,"{""1"": [], ""2"": []}","Coverage follows this electronic source, not every recension. Original IAST and source stanza references are preserved. English meanings are not yet reviewed. Consult the source header for contributors, edition and textual variants."
Lalita Sahasranamam,183,0,182 numbered stanzas and the unnumbered closing lines,"{""0"": []}","Prefatory dialogue, dhyana and phalashruti are outside this import. Meanings await editorial review."
Linga Purana,108,1,"108 chapter documents · Part I, chapters 1–108 only; Part II is not included.","{""1"": []}","Part I, chapters 1–108 only; Part II is not included. Original IAST and source stanza references are preserved. English meanings are not yet reviewed. Consult the source header for contributors, edition and textual variants."
Markandeya Purana,90,0,90 chapter documents within 1–93; chapters 66–68 are absent. Later chapters are not included.,"{""0"": [66, 67, 68]}","Chapters 1–93 only; later chapters are not included. Original IAST and source stanza references are preserved. English meanings are not yet reviewed. Consult the source header for contributors, edition and textual variants."
Matsya Purana,176,0,176 chapter documents · Chapters 1–176 only; later chapters are not included.,"{""0"": []}","Chapters 1–176 only; later chapters are not included. Original IAST and source stanza references are preserved. English meanings are not yet reviewed. Consult the source header for contributors, edition and textual variants."
Narada Purana,167,"1, 2",167 chapter documents · All chapter documents present in this GRETIL transcription; edition-specific coverage.,"{""1"": [], ""2"": []}","Coverage follows this electronic source, not every recension. Original IAST and source stanza references are preserved. English meanings are not yet reviewed. Consult the source header for contributors, edition and textual variants."
Narayaneeyam,100,0,100 dasakams · Sanskrit transcription,"{""0"": []}","Source numbering and spelling contain inconsistencies. Chapter text is preserved; uncertain verse numbering is not silently certified. Compare with a teacher’s printed edition. The source labels the opening lines of dasakams 7 and 37 with the preceding chapter number; these lines are grouped by sequence, with comparison pending."
Padma Purana,221,"1, 2, 3, 4",221 selected chapter documents from available Wikisource pages; incomplete across the seven khandas.,"{""1"": [], ""2"": [], ""3"": [], ""4"": []}","All successfully retrieved nonempty chapter pages are included. Missing pages and transcription errors may remain. Source links retain page identity and access to contributor history. No reviewed English translation is included. Coverage is incomplete where stated; failed, missing or empty source pages were excluded, not generated."
Shiva Purana,100,"1, 71, 72",100 chapter documents: book 1 and both parts of book 7 only. Books 2–6 are not included.,"{""1"": [21], ""71"": [], ""72"": []}","Books 1 and 7 only; intervening books are not included. Original IAST and source stanza references are preserved. English meanings are not yet reviewed. Consult the source header for contributors, edition and textual variants."
Skanda Purana · Reva-khanda,116,0,116 chapter documents · Reva-khanda recension only; not the complete Skanda Purana.,"{""0"": []}","Reva-khanda recension only; not the complete Skanda Purana. Original IAST and source stanza references are preserved. English meanings are not yet reviewed. Consult the source header for contributors, edition and textual variants."
Vamana Purana,69,0,69 chapter documents · Chapters 1–69; Saromahatmya supplement is not included.,"{""0"": []}","Chapters 1–69; Saromahatmya supplement is not included. Original IAST and source stanza references are preserved. English meanings are not yet reviewed. Consult the source header for contributors, edition and textual variants."
Varaha Purana,218,0,218 nonempty chapter documents from 219 linked Wikisource chapter pages; numbering and merged chapters differ from other editions.,"{""0"": []}","All successfully retrieved nonempty chapter pages are included. Missing pages and transcription errors may remain. Source links retain page identity and access to contributor history. No reviewed English translation is included. Coverage is incomplete where stated; failed, missing or empty source pages were excluded, not generated."
Vishnu Purana,126,"1, 2, 3, 4, 5, 6",126 chapter documents · All chapter documents present in this GRETIL transcription; edition-specific coverage.,"{""1"": [], ""2"": [], ""3"": [], ""4"": [], ""5"": [], ""6"": []}","Coverage follows this electronic source, not every recension. Original IAST and source stanza references are preserved. English meanings are not yet reviewed. Consult the source header for contributors, edition and textual variants."
Vishnu Sahasranamam,108,0,107 main-hymn stanzas and closing prayer,"{""0"": []}",Prefatory prayers and phalashruti are not included. Selected explanatory meanings are available; remaining meanings await review.
